topic,Questions
Random Forest,Do you know what a Random Forest is and how it differs from other machines?
Random Forest,Can you tell me about the principles behind Random Forest and how it differs from other machines?
Random Forest,Do you know what a Random Forest is and how it differs from other machine learning algorithms?
Random Forest,Do you know what a Random Forest is and how it differs from other machine learning programs?
Random Forest,Can you tell me what a Random Forest is and how it differs from other machine learning programs?
Random Forest,Do you know what a Random Forest is and how it differs from other machine learning methods?
Random Forest,Do you know what a Random Forest is and how it distinguishes itself from other machine learning algorithms?
Random Forest,Do you know what a Random Forest is and how it distinguishes itself from other machine learning programs?
Random Forest,Can you tell me what a Random Forest is and how it differs from other machine learning algorithms?
Random Forest,Can you tell me about the principles behind Random Forest and how it differs from other machine learning programs?
Random Forest,Can you discuss the necessity of tree Pruning in Random Forest?
Random Forest,Can you talk about the necessity of tree Pruning in Random Forest?
Random Forest,"In the context of Random Forest, can you discuss the necessity of tree trimming?"
Random Forest,Can you discuss the necessity of tree trimming in Random Forest?
Random Forest,"In the context of Random Forest, can you discuss the necessity of tree Pruning?"
Random Forest,Can you discuss the necessity of treePruning in Random Forest?
Random Forest,Can you discuss the necessity of tree pruning in Random Forest?
Random Forest,"In the context of Random Forest, can you talk about the necessity of tree Pruning?"
Random Forest,"In the context of Random Forest, can you talk about the necessity of tree trimming?"
Random Forest,Can you discuss the necessity of tree Pruning in the Random Forest context?
Random Forest,What are the key advantages of using Random Forest in machine learning?
Random Forest,Can you tell me about the key advantages of Random Forest in machine learning problems?
Random Forest,What are the key advantages of using Random Forest in machine learning problems?
Random Forest,Can you tell me about the key advantages of using Random Forest in machine learning problems?
Random Forest,What are the key advantages of Random Forest in machine learning problems?
Random Forest,What are the key advantages of Random Forest in machine learning?
Random Forest,Can you tell me about the key advantages of using Random Forest in machine learning?
Random Forest,Can you tell me about the key advantages of Random Forest in machine learning?
Random Forest,Can you tell me about the key advantages of using Random Forest in a machine learning problem?
Random Forest,Can you tell me about the key advantages of using Random Forest in machine learning problems.
Random Forest,"Random Forest is a powerful tool, but it also has its limitations."
Random Forest,"Random Forest is a powerful tool, but it also has limitations."
Random Forest,"Random Forest is a powerful tool, but it has its limitations."
Random Forest,"Random Forest is a powerful tool, but it also has some limitations."
Random Forest,"Random Forest is a powerful tool, but it has limitations."
Random Forest,"Random Forest is a powerful machine learning model, but it also has limitations."
Random Forest,"Random Forest is a powerful machine learning model, but it has its limitations."
Random Forest,"Random Forest is a great tool, but it also has limitations."
Random Forest,"Random Forest is a powerful tool, but it has some limitations."
Random Forest,"Random Forest is a powerful tool, but it also has its drawbacks."
Random Forest,Random Forest is related to Decision Trees.
Random Forest,Is Random Forest related to the idea of a single Decision Tree?
Random Forest,What is the relationship between Random Forest and a single Decision Tree?
Random Forest,What is the relationship between Random Forest and Decision Trees?
Random Forest,Is Random Forest related to Decision Trees?
Random Forest,Is Random Forest related to a single Decision Tree?
Random Forest,Is Random Forest related to the idea of a single decision tree?
Random Forest,What is the relationship between Random Forest and a single decision tree?
Random Forest,Is Random Forest related to a single decision tree?
Random Forest,Random Forest is related to a single Decision Tree.
Random Forest,Can you tell me about the relationship between Random Forest and Boosting methods in ensemble learning?
Random Forest,Can you give a description of the relationship between Random Forest and Boosting methods in ensemble learning?
Random Forest,Can you tell us about the relationship between Random Forest and Boosting methods in ensemble learning?
Random Forest,Can you tell me about the relationship between Random Forest and Boosting methods and how they differ in terms of model training and handling bias?
Random Forest,Can you tell us about the relationship between Random Forest and Boosting methods and how they differ in terms of model training and handling bias?
Random Forest,Can you tell me about the relationship between Random Forest and Boosting methods and how they differ in terms of model training and handling biases?
Random Forest,Can you tell us about the relationship between Random Forest and Boosting methods and how they differ in terms of model training and handling biases?
Random Forest,Can you tell me about the relationship between Random Forest and boosting methods in ensemble learning?
Random Forest,Can you tell me about the relationship between Random Forest and Boosting methods in ensemble learning and how they differ in terms of model training and handling bias?
Random Forest,Can you tell us about the relationship between Random Forest and Boosting methods in ensemble learning and how they differ in terms of model training and handling bias?
Random Forest,Can you explain the relationship between Random Forest and the Bagging method?
Random Forest,"Please describe how Random Forest uses the principles of Bagging, and discuss how this technique contributes to the effectiveness and robustness of the Random Forest algorithm."
Random Forest,Please describe how Random Forest uses the principles of Bagging and discuss how this technique contributes to the effectiveness and robustness of the Random Forest algorithm.
Random Forest,Can you explain the relationship between Random Forest and Bagging?
Random Forest,Please describe how Random Forest uses the principles of Bagging and how this technique contributes to the effectiveness and robustness of the Random Forest algorithm.
Random Forest,"Please describe how Random Forest uses the principles of Bagging, and how this technique contributes to the effectiveness and robustness of the Random Forest algorithm."
Random Forest,Is Random Forest associated with the Bagging method?
Random Forest,Please explain how Random Forest uses the principles of Bagging and how this technique contributes to the effectiveness and robustness of the Random Forest algorithm.
Random Forest,"Please describe how Random Forest uses the principles of Bagging, and explain how this technique contributes to the effectiveness and robustness of the Random Forest algorithm."
Random Forest,"Please explain how Random Forest uses the principles of Bagging, and how this technique contributes to the effectiveness and robustness of the Random Forest algorithm."
Random Forest,How Random Forest uses bootstrapping affects the overall model's accuracy and generalization.
Random Forest,Is bootstrapping important in Random Forest and how does it affect the overall model?
Random Forest,Discuss the importance of bootstrapping in Random Forest and how it impacts the overall model.
Random Forest,Discuss the significance of bootstrapping in Random Forest and how it impacts the overall model.
Random Forest,Discuss the importance of bootstrapping in Random Forest and how it impacts the model's accuracy and generalization.
Random Forest,Discuss the significance of bootstrapping in Random Forest and how it impacts the model's accuracy and generalization.
Random Forest,How Random Forest uses bootstrapping in its process is important to explain.
Random Forest,Discuss the importance of bootstrapping in Random Forest and how it impacts the overall model's accuracy and generalization.
Random Forest,Is bootstrapping important in Random Forest and how does it affect the overall model's accuracy and generalization?
Random Forest,Discuss the significance of bootstrapping in Random Forest and how it impacts the overall model's accuracy and generalization.
Random Forest,Random Forest can be applied to both classification and regression problems.
Random Forest,Random Forest can be used to solve both classification and regression problems.
Random Forest,Random Forest can be applied to both regression and classification problems.
Random Forest,Random Forest can be used for both classification and regression problems.
Random Forest,Can you tell me how Random Forest can be applied to both regression and classification problems?
Random Forest,Can you tell me how Random Forest can be applied to both classification and regression problems?
Random Forest,Can you tell me how Random Forest can be used for both classification and regression problems?
Random Forest,Random Forest can be used for both classification and regression.
Random Forest,Can you tell me how Random Forest can be used for both regression and classification problems?
Random Forest,Can you tell me how Random Forest can be used for both classification and regression?
Random Forest,"Is it possible to discuss the number of trees, depth of trees, and any other important hyperparameters in Random Forest?"
Random Forest,"Should we discuss the number of trees, depth of trees, and any other important hyperparameters in Random Forest?"
Random Forest,"Is it possible to discuss the number of trees, depth of trees, and any others important to Random Forest?"
Random Forest,"Is it possible to discuss the number of trees, depth of trees, and any others that are important in Random Forest?"
Random Forest,"Should we discuss the number of trees, depth of trees, and any others that are important in Random Forest?"
Random Forest,"Is it possible to discuss the number of trees, depth of trees, and other important hyperparameters in Random Forest?"
Random Forest,"Is it possible to discuss the number of trees, depth of trees, and any others important in Random Forest?"
Random Forest,"Is it possible to discuss the number of trees, depth of trees, and any other important hyperparameters of Random Forest?"
Random Forest,"Is it possible to discuss the number of trees, depth of trees, and any others that are important to Random Forest?"
Random Forest,"Is it possible to discuss the number of trees, depth of trees, and any others that you consider important in Random Forest?"
